-- --------------------------------------------------------
-- Máy chủ:                      127.0.0.1
-- Server version:               10.4.32-MariaDB - mariadb.org binary distribution
-- Server OS:                    Win64
-- HeidiSQL Phiên bản:           12.7.0.6850
-- --------------------------------------------------------

/*!40101 SET @OLD_CHARACTER_SET_CLIENT=@@CHARACTER_SET_CLIENT */;
/*!40101 SET NAMES utf8 */;
/*!50503 SET NAMES utf8mb4 */;
/*!40103 SET @OLD_TIME_ZONE=@@TIME_ZONE */;
/*!40103 SET TIME_ZONE='+00:00' */;
/*!40014 SET @OLD_FOREIGN_KEY_CHECKS=@@FOREIGN_KEY_CHECKS, FOREIGN_KEY_CHECKS=0 */;
/*!40101 SET @OLD_SQL_MODE=@@SQL_MODE, SQL_MODE='NO_AUTO_VALUE_ON_ZERO' */;
/*!40111 SET @OLD_SQL_NOTES=@@SQL_NOTES, SQL_NOTES=0 */;


-- Dumping database structure for fruitwarehousemanagement
CREATE DATABASE IF NOT EXISTS `fruitwarehousemanagement` /*!40100 DEFAULT CHARACTER SET utf8mb4 COLLATE utf8mb4_vietnamese_ci */;
USE `fruitwarehousemanagement`;

-- Dumping structure for table fruitwarehousemanagement.customer
CREATE TABLE IF NOT EXISTS `customer` (
  `c_id` varchar(13) NOT NULL DEFAULT 'null',
  `c_name` varchar(40) NOT NULL DEFAULT 'null',
  `c_phone` varchar(10) NOT NULL DEFAULT 'null',
  `c_email` varchar(150) DEFAULT NULL,
  `c_adddate` datetime NOT NULL DEFAULT '1900-01-01 00:00:00',
  `c_address` varchar(255) NOT NULL DEFAULT 'null',
  PRIMARY KEY (`c_id`),
  UNIQUE KEY `c_phone` (`c_phone`)
) ENGINE=InnoDB DEFAULT CHARSET=utf8mb4 COLLATE=utf8mb4_vietnamese_ci;

-- Dumping data for table fruitwarehousemanagement.customer: ~3 rows (approximately)
INSERT INTO `customer` (`c_id`, `c_name`, `c_phone`, `c_email`, `c_adddate`, `c_address`) VALUES
	('CU-0000000001', 'Kiều Đức Thịnh', '0343257896', 't13f@gmail.com', '1900-01-01 00:00:00', 'Hà Nội'),
	('CU-0000000002', 'Nguyễn Văn A', '0384177953', NULL, '1900-01-01 00:00:00', 'Hà Nam'),
	('CU-0465914919', 'Nguyễn Vân Anh', '0345879621', NULL, '2024-11-14 00:00:00', 'Hà Nội');

-- Dumping structure for table fruitwarehousemanagement.fruit_type
CREATE TABLE IF NOT EXISTS `fruit_type` (
  `ft_id` varchar(3) NOT NULL DEFAULT 'nul',
  `ft_name` varchar(255) NOT NULL DEFAULT 'null',
  `unit_of_calculation` varchar(10) NOT NULL DEFAULT 'null',
  `ft_description` text DEFAULT NULL,
  `start_season` tinyint(4) NOT NULL DEFAULT 0,
  `end_season` tinyint(4) NOT NULL DEFAULT 0,
  `time_to_just_ripe` smallint(6) NOT NULL DEFAULT 0,
  `time_to_ripe` smallint(6) NOT NULL DEFAULT 0,
  `time_to_overripe` smallint(6) NOT NULL DEFAULT 0,
  `time_to_damaged` tinyint(4) NOT NULL DEFAULT 0,
  `temperature` tinyint(4) NOT NULL DEFAULT 0,
  PRIMARY KEY (`ft_id`)
) ENGINE=InnoDB DEFAULT CHARSET=utf8mb4 COLLATE=utf8mb4_vietnamese_ci;

-- Dumping data for table fruitwarehousemanagement.fruit_type: ~4 rows (approximately)
INSERT INTO `fruit_type` (`ft_id`, `ft_name`, `unit_of_calculation`, `ft_description`, `start_season`, `end_season`, `time_to_just_ripe`, `time_to_ripe`, `time_to_overripe`, `time_to_damaged`, `temperature`) VALUES
	('DU1', 'Sầu riêng', 'quả', 'Sầu riêng quả tươi', 7, 9, 5, 7, 10, 14, 15),
	('MA1', 'Xoài Cát Chu', 'kg', 'Cat Chu Mango', 1, 12, 7, 10, 14, 17, 15),
	('PA1', 'Chanh dây', 'kg', 'Chanh dây Đắk LắK', 5, 9, 7, 14, 18, 22, 15),
	('RA1', 'Chôm chôm Java', 'kg', 'Java Rambutan', 1, 12, 5, 7, 10, 14, 15);

-- Dumping structure for table fruitwarehousemanagement.gdn_detail
CREATE TABLE IF NOT EXISTS `gdn_detail` (
  `sku` varchar(22) NOT NULL DEFAULT 'null',
  `gdn_id` varchar(14) NOT NULL DEFAULT 'null',
  `quantity` smallint(6) NOT NULL DEFAULT 0,
  `discount` decimal(3,1) NOT NULL DEFAULT 0.0,
  PRIMARY KEY (`sku`,`gdn_id`),
  KEY `FK__goods_delivery_note` (`gdn_id`),
  CONSTRAINT `FK__goods_delivery_note` FOREIGN KEY (`gdn_id`) REFERENCES `goods_delivery_note` (`gdn_id`),
  CONSTRAINT `FK__goods_gdn` FOREIGN KEY (`sku`) REFERENCES `goods` (`sku`)
) ENGINE=InnoDB DEFAULT CHARSET=utf8mb4 COLLATE=utf8mb4_vietnamese_ci;

-- Dumping data for table fruitwarehousemanagement.gdn_detail: ~2 rows (approximately)
INSERT INTO `gdn_detail` (`sku`, `gdn_id`, `quantity`, `discount`) VALUES
	('MA1-079-M-300904-UR', 'PX141124145459', 1, 0.0),
	('MA1-079-M-300904-UR', 'PX141124342296', 1, 0.0),
	('MA1-079-S-231004-JR', 'PX141124415900', 1, 0.0),
	('MA1-M-335-071224-UR', 'PX081224060572', 2, 0.0),
	('MA1-M-335-071224-UR', 'PX081224622310', 2, 0.0),
	('MA1-M-335-071224-UR', 'PX091224139520', 1, 0.0),
	('MA1-M-335-071224-UR', 'PX091224223503', 1, 0.0),
	('MA1-M-335-071224-UR', 'PX091224346653', 1, 0.0);

-- Dumping structure for table fruitwarehousemanagement.goods
CREATE TABLE IF NOT EXISTS `goods` (
  `sku` varchar(22) NOT NULL DEFAULT 'null',
  `ft_id` varchar(3) NOT NULL DEFAULT 'nul',
  `size` varchar(4) NOT NULL DEFAULT 'null',
  `status` varchar(2) NOT NULL DEFAULT 'P',
  `received_price` decimal(14,3) NOT NULL DEFAULT 0.000,
  `delivery_price` decimal(14,3) NOT NULL DEFAULT 0.000,
  `original` varchar(255) NOT NULL DEFAULT 'null',
  `just_ripe_date` date NOT NULL DEFAULT '1900-01-01',
  `ripe_date` date NOT NULL DEFAULT '1900-01-01',
  `overrip_date` date NOT NULL DEFAULT '1900-01-01',
  `exp_date` date NOT NULL DEFAULT '1900-01-01',
  `quantity_in_box` decimal(8,2) NOT NULL DEFAULT 0.00,
  `available_quantity` smallint(6) NOT NULL DEFAULT 0,
  `total_quantity` smallint(6) NOT NULL DEFAULT 0,
  PRIMARY KEY (`sku`),
  KEY `FK__fruit_type_goods` (`ft_id`),
  CONSTRAINT `FK__fruit_type_goods` FOREIGN KEY (`ft_id`) REFERENCES `fruit_type` (`ft_id`)
) ENGINE=InnoDB DEFAULT CHARSET=utf8mb4 COLLATE=utf8mb4_vietnamese_ci;

-- Dumping data for table fruitwarehousemanagement.goods: ~12 rows (approximately)
INSERT INTO `goods` (`sku`, `ft_id`, `size`, `status`, `received_price`, `delivery_price`, `original`, `just_ripe_date`, `ripe_date`, `overrip_date`, `exp_date`, `quantity_in_box`, `available_quantity`, `total_quantity`) VALUES
	('DU1-M-335-081224-UR', 'DU1', 'M', 'UR', 1.000, 1.000, 'Hà Nam', '2024-12-13', '2024-12-15', '2024-12-18', '2024-12-22', 1.00, 1, 1),
	('DU1-M-337-081224-UR', 'DU1', 'M', 'UR', 1.000, 1.000, 'Ninh Bình', '2024-12-13', '2024-12-15', '2024-12-18', '2024-12-22', 1.00, 1, 1),
	('MA1-079-M-231004-JR', 'MA1', 'M', 'D', 240000.000, 271000.000, 'Thành phố Hồ Chí Minh', '2024-10-23', '2024-10-25', '2024-10-28', '2024-11-01', 3.00, 0, 1),
	('MA1-079-M-271004-JR', 'MA1', 'M', 'D', 240000.000, 270000.000, 'Thành phố Hồ Chí Minh', '2024-10-27', '2024-10-19', '2024-11-01', '2024-11-05', 3.00, 1, 1),
	('MA1-079-M-300904-UR', 'MA1', 'M', 'D', 240000.000, 270000.000, 'Thành phố Hồ Chí Minh', '2024-11-06', '2024-11-09', '2024-11-13', '2024-11-15', 3.00, 50, 3),
	('MA1-079-M-301004-JR', 'MA1', 'M', 'D', 230000.000, 260000.000, 'Thành phố Hồ Chí Minh', '2024-10-30', '2024-11-01', '2024-11-04', '2024-11-08', 3.00, 1, 1),
	('MA1-079-S-231004-JR', 'MA1', 'S', 'D', 260000.000, 290000.000, 'Thành phố Hồ Chí Minh', '2024-10-23', '2024-10-25', '2024-10-28', '2024-11-01', 3.00, 0, 45),
	('MA1-M-335-071224-UR', 'MA1', 'M', 'UR', 10.000, 10.000, 'Hà Nam', '2024-12-14', '2024-12-17', '2024-12-21', '2024-12-24', 10.00, 53, 60),
	('MA1-M-335-081224-UR', 'MA1', 'M', 'P', 10.000, 10.000, 'Hà Nam', '2024-12-15', '2024-12-18', '2024-12-22', '2024-12-25', 10.00, 40, 40),
	('MA1-M-335-121224-UR', 'MA1', 'M', 'P', 10.000, 10.000, 'Hà Nam', '2024-12-14', '2024-12-17', '2024-12-21', '2024-12-24', 10.00, 0, 0),
	('PA1-M-335-071224-UR', 'PA1', 'M', 'P', 10.000, 10.000, 'Hà Nam', '2024-12-15', '2024-12-22', '2024-12-26', '2024-12-30', 1.00, 0, 0),
	('PA1-M-336-081224-UR', 'PA1', 'M', 'UR', 1.000, 1.000, 'Nam Định', '2024-12-15', '2024-12-22', '2024-12-26', '2024-12-30', 1.00, 1, 1);

-- Dumping structure for table fruitwarehousemanagement.goods_delivery_note
CREATE TABLE IF NOT EXISTS `goods_delivery_note` (
  `gdn_id` varchar(14) NOT NULL DEFAULT 'null',
  `username` varchar(30) NOT NULL DEFAULT 'null',
  `c_id` varchar(13) NOT NULL DEFAULT 'null',
  `gdn_address` varchar(255) NOT NULL DEFAULT 'null',
  `gdn_date` datetime NOT NULL,
  `total_delivery_price` decimal(15,3) NOT NULL DEFAULT 0.000,
  `gdn_description` text DEFAULT NULL,
  PRIMARY KEY (`gdn_id`),
  KEY `FK__user_gdn` (`username`),
  KEY `FK__customer_gdn` (`c_id`),
  CONSTRAINT `FK__customer_gdn` FOREIGN KEY (`c_id`) REFERENCES `customer` (`c_id`),
  CONSTRAINT `FK__user_gdn` FOREIGN KEY (`username`) REFERENCES `user` (`username`)
) ENGINE=InnoDB DEFAULT CHARSET=utf8mb4 COLLATE=utf8mb4_vietnamese_ci;

-- Dumping data for table fruitwarehousemanagement.goods_delivery_note: ~6 rows (approximately)
INSERT INTO `goods_delivery_note` (`gdn_id`, `username`, `c_id`, `gdn_address`, `gdn_date`, `total_delivery_price`, `gdn_description`) VALUES
	('PX081224060572', 'kdthinh', 'CU-0000000001', 'Hà Nội', '2024-12-08 00:00:00', 19.000, ''),
	('PX081224622310', 'kdthinh', 'CU-0000000001', 'Hà Nội', '2024-12-08 00:00:00', 19.000, ''),
	('PX091224139520', 'kdthinh', 'CU-0000000001', 'Hà Nội', '2024-12-09 00:00:00', 10.000, ''),
	('PX091224223503', 'kdthinh', 'CU-0000000001', 'Hà Nội', '2024-12-09 00:00:00', 9.800, ''),
	('PX091224346653', 'kdthinh', 'CU-0000000001', 'Hà Nội', '2024-12-09 00:00:00', 10.000, ''),
	('PX141124145459', 'kdthinh', 'CU-0000000002', '298 đường Cầu Diễn, quận Bắc Từ Liêm, thành phố Hà Nội', '2024-11-14 00:00:00', 270000.000, NULL),
	('PX141124342296', 'kdthinh', 'CU-0465914919', '298 đường Cầu Diễn, quận Bắc Từ Liêm, thành phố Hà Nội', '2024-11-14 00:00:00', 270000.000, NULL),
	('PX141124415900', 'bxdung', 'CU-0000000002', '298 đường Cầu Diễn, quận Bắc Từ Liêm, thành phố Hà Nội', '2024-11-14 00:00:00', 270000.000, 'Đã giảm 20000'),
	('PXTesst', 'bxdung', 'CU-0465914919', 'Hà Giang', '2023-08-06 21:03:09', 90000.000, NULL),
	('PXTest', 'htanh04', 'CU-0000000002', 'Hà Nam', '2024-08-06 21:01:48', 80000.000, NULL);

-- Dumping structure for table fruitwarehousemanagement.goods_received_note
CREATE TABLE IF NOT EXISTS `goods_received_note` (
  `grn_id` varchar(14) NOT NULL DEFAULT 'null',
  `username` varchar(30) DEFAULT NULL,
  `sup_id` varchar(13) NOT NULL DEFAULT 'null',
  `grn_date` datetime NOT NULL DEFAULT '1900-01-01 00:00:00',
  `verify_date` datetime DEFAULT '1900-01-01 00:00:00',
  `total_received_price` decimal(15,3) NOT NULL DEFAULT 0.000,
  `grn_description` text DEFAULT NULL,
  PRIMARY KEY (`grn_id`),
  KEY `FK__user` (`username`),
  KEY `FK__supplier` (`sup_id`),
  CONSTRAINT `FK__supplier` FOREIGN KEY (`sup_id`) REFERENCES `supplier` (`sup_id`),
  CONSTRAINT `FK__user` FOREIGN KEY (`username`) REFERENCES `user` (`username`)
) ENGINE=InnoDB DEFAULT CHARSET=utf8mb4 COLLATE=utf8mb4_vietnamese_ci;

-- Dumping data for table fruitwarehousemanagement.goods_received_note: ~9 rows (approximately)
INSERT INTO `goods_received_note` (`grn_id`, `username`, `sup_id`, `grn_date`, `verify_date`, `total_received_price`, `grn_description`) VALUES
	('PN071224447420', 'administrator', 'SU-0362573063', '2024-12-07 00:00:00', '2024-12-08 17:39:01', 10.000, 'Nhận vào 08/12/2024'),
	('PN071224672491', 'administrator', 'SU-0362573063', '2024-12-07 00:00:00', '2024-12-08 17:45:37', 10.000, 'Đã xác nhận vào 08/12/2024'),
	('PN071224906977', 'administrator', 'SU-0362573063', '2024-12-07 00:00:00', '2024-12-08 17:51:47', 10.000, 'Duyệt vào 08/12/2024'),
	('PN071224994598', NULL, 'SU-0362573063', '2024-12-07 00:00:00', NULL, 10.000, NULL),
	('PN081224706845', 'bxdung', 'SU-0362573063', '2024-12-08 00:00:00', '2024-12-08 17:17:43', 3.000, 'Yummy8'),
	('PN121224506091', NULL, 'SU-0362573063', '2024-12-12 00:00:00', NULL, 10.000, NULL),
	('PX-03120040000', 'bxdung', 'SU-0000000001', '2024-10-01 00:00:00', '2024-12-05 00:00:00', 100000.000, 'Đã nhận đủ'),
	('PX-Test', 'kdthinh', 'SU-0362573063', '2024-12-07 00:00:00', '2024-12-07 00:00:00', 0.000, NULL),
	('PX-Test2', 'administrator', 'SU-0000000002', '2024-12-07 00:00:00', '2024-12-08 17:21:10', 0.000, 'G');

-- Dumping structure for table fruitwarehousemanagement.grn_detail
CREATE TABLE IF NOT EXISTS `grn_detail` (
  `sku` varchar(22) NOT NULL DEFAULT 'null',
  `grn_id` varchar(14) NOT NULL DEFAULT 'null',
  `quantity` smallint(6) NOT NULL DEFAULT 0,
  PRIMARY KEY (`sku`,`grn_id`),
  KEY `FK__goods_received_note` (`grn_id`),
  CONSTRAINT `FK__goods_grn` FOREIGN KEY (`sku`) REFERENCES `goods` (`sku`),
  CONSTRAINT `FK__goods_received_note` FOREIGN KEY (`grn_id`) REFERENCES `goods_received_note` (`grn_id`)
) ENGINE=InnoDB DEFAULT CHARSET=utf8mb4 COLLATE=utf8mb4_vietnamese_ci;

-- Dumping data for table fruitwarehousemanagement.grn_detail: ~9 rows (approximately)
INSERT INTO `grn_detail` (`sku`, `grn_id`, `quantity`) VALUES
	('DU1-M-335-081224-UR', 'PN081224706845', 1),
	('DU1-M-337-081224-UR', 'PN081224706845', 1),
	('MA1-079-M-271004-JR', 'PX-03120040000', 50),
	('MA1-079-M-301004-JR', 'PX-03120040000', 10),
	('MA1-M-335-071224-UR', 'PN071224447420', 20),
	('MA1-M-335-071224-UR', 'PN071224672491', 20),
	('MA1-M-335-071224-UR', 'PN071224994598', 20),
	('MA1-M-335-081224-UR', 'PN071224906977', 20),
	('MA1-M-335-121224-UR', 'PN121224506091', 20),
	('PA1-M-336-081224-UR', 'PN081224706845', 1);

-- Dumping structure for table fruitwarehousemanagement.position
CREATE TABLE IF NOT EXISTS `position` (
  `pos_id` mediumint(9) NOT NULL AUTO_INCREMENT,
  `ft_id` varchar(3) DEFAULT NULL,
  `sku` varchar(22) DEFAULT NULL,
  `row` smallint(6) NOT NULL DEFAULT 0,
  `col` varchar(2) NOT NULL DEFAULT '0',
  `stack` smallint(6) NOT NULL DEFAULT 0,
  PRIMARY KEY (`pos_id`),
  KEY `FK__fruit_type_pos` (`ft_id`),
  KEY `FK__goods_pos` (`sku`),
  CONSTRAINT `FK__fruit_type_pos` FOREIGN KEY (`ft_id`) REFERENCES `fruit_type` (`ft_id`),
  CONSTRAINT `FK__goods_pos` FOREIGN KEY (`sku`) REFERENCES `goods` (`sku`)
) ENGINE=InnoDB AUTO_INCREMENT=1306 DEFAULT CHARSET=utf8mb4 COLLATE=utf8mb4_vietnamese_ci;

-- Dumping data for table fruitwarehousemanagement.position: ~600 rows (approximately)
INSERT INTO `position` (`pos_id`, `ft_id`, `sku`, `row`, `col`, `stack`) VALUES
	(1, 'DU1', 'DU1-M-337-081224-UR', 1, 'A', 1),
	(2, 'DU1', 'DU1-M-335-081224-UR', 1, 'A', 2),
	(3, 'DU1', NULL, 1, 'A', 3),
	(4, 'DU1', NULL, 1, 'A', 4),
	(5, 'DU1', NULL, 1, 'A', 5),
	(6, 'DU1', NULL, 1, 'B', 1),
	(7, 'DU1', NULL, 1, 'B', 2),
	(8, 'DU1', NULL, 1, 'B', 3),
	(9, 'DU1', NULL, 1, 'B', 4),
	(10, 'DU1', NULL, 1, 'B', 5),
	(11, 'DU1', NULL, 1, 'C', 1),
	(12, 'DU1', NULL, 1, 'C', 2),
	(13, 'DU1', NULL, 1, 'C', 3),
	(14, 'DU1', NULL, 1, 'C', 4),
	(15, 'DU1', NULL, 1, 'C', 5),
	(16, 'DU1', NULL, 1, 'D', 1),
	(17, 'DU1', NULL, 1, 'D', 2),
	(18, 'DU1', NULL, 1, 'D', 3),
	(19, 'DU1', NULL, 1, 'D', 4),
	(20, 'DU1', NULL, 1, 'D', 5),
	(21, 'DU1', NULL, 1, 'E', 1),
	(22, 'DU1', NULL, 1, 'E', 2),
	(23, 'DU1', NULL, 1, 'E', 3),
	(24, 'DU1', NULL, 1, 'E', 4),
	(25, 'DU1', NULL, 1, 'E', 5),
	(26, 'DU1', NULL, 1, 'F', 1),
	(27, 'DU1', NULL, 1, 'F', 2),
	(28, 'DU1', NULL, 1, 'F', 3),
	(29, 'DU1', NULL, 1, 'F', 4),
	(30, 'DU1', NULL, 1, 'F', 5),
	(31, 'PA1', 'PA1-M-336-081224-UR', 1, 'G', 1),
	(32, 'PA1', NULL, 1, 'G', 2),
	(33, 'PA1', NULL, 1, 'G', 3),
	(34, 'PA1', NULL, 1, 'G', 4),
	(35, 'PA1', NULL, 1, 'G', 5),
	(36, 'PA1', NULL, 1, 'H', 1),
	(37, 'PA1', NULL, 1, 'H', 2),
	(38, 'PA1', NULL, 1, 'H', 3),
	(39, 'PA1', NULL, 1, 'H', 4),
	(40, 'PA1', NULL, 1, 'H', 5),
	(41, 'PA1', NULL, 1, 'I', 1),
	(42, 'PA1', NULL, 1, 'I', 2),
	(43, 'PA1', NULL, 1, 'I', 3),
	(44, 'PA1', NULL, 1, 'I', 4),
	(45, 'PA1', NULL, 1, 'I', 5),
	(46, 'PA1', NULL, 1, 'K', 1),
	(47, 'PA1', NULL, 1, 'K', 2),
	(48, 'PA1', NULL, 1, 'K', 3),
	(49, 'PA1', NULL, 1, 'K', 4),
	(50, 'PA1', NULL, 1, 'K', 5),
	(51, 'PA1', NULL, 1, 'L', 1),
	(52, 'PA1', NULL, 1, 'L', 2),
	(53, 'PA1', NULL, 1, 'L', 3),
	(54, 'PA1', NULL, 1, 'L', 4),
	(55, 'PA1', NULL, 1, 'L', 5),
	(56, 'PA1', NULL, 1, 'M', 1),
	(57, 'PA1', NULL, 1, 'M', 2),
	(58, 'PA1', NULL, 1, 'M', 3),
	(59, 'PA1', NULL, 1, 'M', 4),
	(60, 'PA1', NULL, 1, 'M', 5),
	(61, 'DU1', NULL, 2, 'A', 1),
	(62, 'DU1', NULL, 2, 'A', 2),
	(63, 'DU1', NULL, 2, 'A', 3),
	(64, 'DU1', NULL, 2, 'A', 4),
	(65, 'DU1', NULL, 2, 'A', 5),
	(66, 'DU1', NULL, 2, 'B', 1),
	(67, 'DU1', NULL, 2, 'B', 2),
	(68, 'DU1', NULL, 2, 'B', 3),
	(69, 'DU1', NULL, 2, 'B', 4),
	(70, 'DU1', NULL, 2, 'B', 5),
	(71, 'DU1', NULL, 2, 'C', 1),
	(72, 'DU1', NULL, 2, 'C', 2),
	(73, 'DU1', NULL, 2, 'C', 3),
	(74, 'DU1', NULL, 2, 'C', 4),
	(75, 'DU1', NULL, 2, 'C', 5),
	(76, 'DU1', NULL, 2, 'D', 1),
	(77, 'DU1', NULL, 2, 'D', 2),
	(78, 'DU1', NULL, 2, 'D', 3),
	(79, 'DU1', NULL, 2, 'D', 4),
	(80, 'DU1', NULL, 2, 'D', 5),
	(81, 'DU1', NULL, 2, 'E', 1),
	(82, 'DU1', NULL, 2, 'E', 2),
	(83, 'DU1', NULL, 2, 'E', 3),
	(84, 'DU1', NULL, 2, 'E', 4),
	(85, 'DU1', NULL, 2, 'E', 5),
	(86, 'DU1', NULL, 2, 'F', 1),
	(87, 'DU1', NULL, 2, 'F', 2),
	(88, 'DU1', NULL, 2, 'F', 3),
	(89, 'DU1', NULL, 2, 'F', 4),
	(90, 'DU1', NULL, 2, 'F', 5),
	(91, 'PA1', NULL, 2, 'G', 1),
	(92, 'PA1', NULL, 2, 'G', 2),
	(93, 'PA1', NULL, 2, 'G', 3),
	(94, 'PA1', NULL, 2, 'G', 4),
	(95, 'PA1', NULL, 2, 'G', 5),
	(96, 'PA1', NULL, 2, 'H', 1),
	(97, 'PA1', NULL, 2, 'H', 2),
	(98, 'PA1', NULL, 2, 'H', 3),
	(99, 'PA1', NULL, 2, 'H', 4),
	(100, 'PA1', NULL, 2, 'H', 5),
	(101, 'PA1', NULL, 2, 'I', 1),
	(102, 'PA1', NULL, 2, 'I', 2),
	(103, 'PA1', NULL, 2, 'I', 3),
	(104, 'PA1', NULL, 2, 'I', 4),
	(105, 'PA1', NULL, 2, 'I', 5),
	(106, 'PA1', NULL, 2, 'K', 1),
	(107, 'PA1', NULL, 2, 'K', 2),
	(108, 'PA1', NULL, 2, 'K', 3),
	(109, 'PA1', NULL, 2, 'K', 4),
	(110, 'PA1', NULL, 2, 'K', 5),
	(111, 'PA1', NULL, 2, 'L', 1),
	(112, 'PA1', NULL, 2, 'L', 2),
	(113, 'PA1', NULL, 2, 'L', 3),
	(114, 'PA1', NULL, 2, 'L', 4),
	(115, 'PA1', NULL, 2, 'L', 5),
	(116, 'PA1', NULL, 2, 'M', 1),
	(117, 'PA1', NULL, 2, 'M', 2),
	(118, 'PA1', NULL, 2, 'M', 3),
	(119, 'PA1', NULL, 2, 'M', 4),
	(120, 'PA1', NULL, 2, 'M', 5),
	(121, 'DU1', NULL, 3, 'A', 1),
	(122, 'DU1', NULL, 3, 'A', 2),
	(123, 'DU1', NULL, 3, 'A', 3),
	(124, 'DU1', NULL, 3, 'A', 4),
	(125, 'DU1', NULL, 3, 'A', 5),
	(126, 'DU1', NULL, 3, 'B', 1),
	(127, 'DU1', NULL, 3, 'B', 2),
	(128, 'DU1', NULL, 3, 'B', 3),
	(129, 'DU1', NULL, 3, 'B', 4),
	(130, 'DU1', NULL, 3, 'B', 5),
	(131, 'DU1', NULL, 3, 'C', 1),
	(132, 'DU1', NULL, 3, 'C', 2),
	(133, 'DU1', NULL, 3, 'C', 3),
	(134, 'DU1', NULL, 3, 'C', 4),
	(135, 'DU1', NULL, 3, 'C', 5),
	(136, 'DU1', NULL, 3, 'D', 1),
	(137, 'DU1', NULL, 3, 'D', 2),
	(138, 'DU1', NULL, 3, 'D', 3),
	(139, 'DU1', NULL, 3, 'D', 4),
	(140, 'DU1', NULL, 3, 'D', 5),
	(141, 'DU1', NULL, 3, 'E', 1),
	(142, 'DU1', NULL, 3, 'E', 2),
	(143, 'DU1', NULL, 3, 'E', 3),
	(144, 'DU1', NULL, 3, 'E', 4),
	(145, 'DU1', NULL, 3, 'E', 5),
	(146, 'DU1', NULL, 3, 'F', 1),
	(147, 'DU1', NULL, 3, 'F', 2),
	(148, 'DU1', NULL, 3, 'F', 3),
	(149, 'DU1', NULL, 3, 'F', 4),
	(150, 'DU1', NULL, 3, 'F', 5),
	(151, 'PA1', NULL, 3, 'G', 1),
	(152, 'PA1', NULL, 3, 'G', 2),
	(153, 'PA1', NULL, 3, 'G', 3),
	(154, 'PA1', NULL, 3, 'G', 4),
	(155, 'PA1', NULL, 3, 'G', 5),
	(156, 'PA1', NULL, 3, 'H', 1),
	(157, 'PA1', NULL, 3, 'H', 2),
	(158, 'PA1', NULL, 3, 'H', 3),
	(159, 'PA1', NULL, 3, 'H', 4),
	(160, 'PA1', NULL, 3, 'H', 5),
	(161, 'PA1', NULL, 3, 'I', 1),
	(162, 'PA1', NULL, 3, 'I', 2),
	(163, 'PA1', NULL, 3, 'I', 3),
	(164, 'PA1', NULL, 3, 'I', 4),
	(165, 'PA1', NULL, 3, 'I', 5),
	(166, 'PA1', NULL, 3, 'K', 1),
	(167, 'PA1', NULL, 3, 'K', 2),
	(168, 'PA1', NULL, 3, 'K', 3),
	(169, 'PA1', NULL, 3, 'K', 4),
	(170, 'PA1', NULL, 3, 'K', 5),
	(171, 'PA1', NULL, 3, 'L', 1),
	(172, 'PA1', NULL, 3, 'L', 2),
	(173, 'PA1', NULL, 3, 'L', 3),
	(174, 'PA1', NULL, 3, 'L', 4),
	(175, 'PA1', NULL, 3, 'L', 5),
	(176, 'PA1', NULL, 3, 'M', 1),
	(177, 'PA1', NULL, 3, 'M', 2),
	(178, 'PA1', NULL, 3, 'M', 3),
	(179, 'PA1', NULL, 3, 'M', 4),
	(180, 'PA1', NULL, 3, 'M', 5),
	(181, 'DU1', NULL, 4, 'A', 1),
	(182, 'DU1', NULL, 4, 'A', 2),
	(183, 'DU1', NULL, 4, 'A', 3),
	(184, 'DU1', NULL, 4, 'A', 4),
	(185, 'DU1', NULL, 4, 'A', 5),
	(186, 'DU1', NULL, 4, 'B', 1),
	(187, 'DU1', NULL, 4, 'B', 2),
	(188, 'DU1', NULL, 4, 'B', 3),
	(189, 'DU1', NULL, 4, 'B', 4),
	(190, 'DU1', NULL, 4, 'B', 5),
	(191, 'DU1', NULL, 4, 'C', 1),
	(192, 'DU1', NULL, 4, 'C', 2),
	(193, 'DU1', NULL, 4, 'C', 3),
	(194, 'DU1', NULL, 4, 'C', 4),
	(195, 'DU1', NULL, 4, 'C', 5),
	(196, 'DU1', NULL, 4, 'D', 1),
	(197, 'DU1', NULL, 4, 'D', 2),
	(198, 'DU1', NULL, 4, 'D', 3),
	(199, 'DU1', NULL, 4, 'D', 4),
	(200, 'DU1', NULL, 4, 'D', 5),
	(201, 'DU1', NULL, 4, 'E', 1),
	(202, 'DU1', NULL, 4, 'E', 2),
	(203, 'DU1', NULL, 4, 'E', 3),
	(204, 'DU1', NULL, 4, 'E', 4),
	(205, 'DU1', NULL, 4, 'E', 5),
	(206, 'DU1', NULL, 4, 'F', 1),
	(207, 'DU1', NULL, 4, 'F', 2),
	(208, 'DU1', NULL, 4, 'F', 3),
	(209, 'DU1', NULL, 4, 'F', 4),
	(210, 'DU1', NULL, 4, 'F', 5),
	(211, 'PA1', NULL, 4, 'G', 1),
	(212, 'PA1', NULL, 4, 'G', 2),
	(213, 'PA1', NULL, 4, 'G', 3),
	(214, 'PA1', NULL, 4, 'G', 4),
	(215, 'PA1', NULL, 4, 'G', 5),
	(216, 'PA1', NULL, 4, 'H', 1),
	(217, 'PA1', NULL, 4, 'H', 2),
	(218, 'PA1', NULL, 4, 'H', 3),
	(219, 'PA1', NULL, 4, 'H', 4),
	(220, 'PA1', NULL, 4, 'H', 5),
	(221, 'PA1', NULL, 4, 'I', 1),
	(222, 'PA1', NULL, 4, 'I', 2),
	(223, 'PA1', NULL, 4, 'I', 3),
	(224, 'PA1', NULL, 4, 'I', 4),
	(225, 'PA1', NULL, 4, 'I', 5),
	(226, 'PA1', NULL, 4, 'K', 1),
	(227, 'PA1', NULL, 4, 'K', 2),
	(228, 'PA1', NULL, 4, 'K', 3),
	(229, 'PA1', NULL, 4, 'K', 4),
	(230, 'PA1', NULL, 4, 'K', 5),
	(231, 'PA1', NULL, 4, 'L', 1),
	(232, 'PA1', NULL, 4, 'L', 2),
	(233, 'PA1', NULL, 4, 'L', 3),
	(234, 'PA1', NULL, 4, 'L', 4),
	(235, 'PA1', NULL, 4, 'L', 5),
	(236, 'PA1', NULL, 4, 'M', 1),
	(237, 'PA1', NULL, 4, 'M', 2),
	(238, 'PA1', NULL, 4, 'M', 3),
	(239, 'PA1', NULL, 4, 'M', 4),
	(240, 'PA1', NULL, 4, 'M', 5),
	(241, 'DU1', NULL, 5, 'A', 1),
	(242, 'DU1', NULL, 5, 'A', 2),
	(243, 'DU1', NULL, 5, 'A', 3),
	(244, 'DU1', NULL, 5, 'A', 4),
	(245, 'DU1', NULL, 5, 'A', 5),
	(246, 'DU1', NULL, 5, 'B', 1),
	(247, 'DU1', NULL, 5, 'B', 2),
	(248, 'DU1', NULL, 5, 'B', 3),
	(249, 'DU1', NULL, 5, 'B', 4),
	(250, 'DU1', NULL, 5, 'B', 5),
	(251, 'DU1', NULL, 5, 'C', 1),
	(252, 'DU1', NULL, 5, 'C', 2),
	(253, 'DU1', NULL, 5, 'C', 3),
	(254, 'DU1', NULL, 5, 'C', 4),
	(255, 'DU1', NULL, 5, 'C', 5),
	(256, 'DU1', NULL, 5, 'D', 1),
	(257, 'DU1', NULL, 5, 'D', 2),
	(258, 'DU1', NULL, 5, 'D', 3),
	(259, 'DU1', NULL, 5, 'D', 4),
	(260, 'DU1', NULL, 5, 'D', 5),
	(261, 'DU1', NULL, 5, 'E', 1),
	(262, 'DU1', NULL, 5, 'E', 2),
	(263, 'DU1', NULL, 5, 'E', 3),
	(264, 'DU1', NULL, 5, 'E', 4),
	(265, 'DU1', NULL, 5, 'E', 5),
	(266, 'DU1', NULL, 5, 'F', 1),
	(267, 'DU1', NULL, 5, 'F', 2),
	(268, 'DU1', NULL, 5, 'F', 3),
	(269, 'DU1', NULL, 5, 'F', 4),
	(270, 'DU1', NULL, 5, 'F', 5),
	(271, 'PA1', NULL, 5, 'G', 1),
	(272, 'PA1', NULL, 5, 'G', 2),
	(273, 'PA1', NULL, 5, 'G', 3),
	(274, 'PA1', NULL, 5, 'G', 4),
	(275, 'PA1', NULL, 5, 'G', 5),
	(276, 'PA1', NULL, 5, 'H', 1),
	(277, 'PA1', NULL, 5, 'H', 2),
	(278, 'PA1', NULL, 5, 'H', 3),
	(279, 'PA1', NULL, 5, 'H', 4),
	(280, 'PA1', NULL, 5, 'H', 5),
	(281, 'PA1', NULL, 5, 'I', 1),
	(282, 'PA1', NULL, 5, 'I', 2),
	(283, 'PA1', NULL, 5, 'I', 3),
	(284, 'PA1', NULL, 5, 'I', 4),
	(285, 'PA1', NULL, 5, 'I', 5),
	(286, 'PA1', NULL, 5, 'K', 1),
	(287, 'PA1', NULL, 5, 'K', 2),
	(288, 'PA1', NULL, 5, 'K', 3),
	(289, 'PA1', NULL, 5, 'K', 4),
	(290, 'PA1', NULL, 5, 'K', 5),
	(291, 'PA1', NULL, 5, 'L', 1),
	(292, 'PA1', NULL, 5, 'L', 2),
	(293, 'PA1', NULL, 5, 'L', 3),
	(294, 'PA1', NULL, 5, 'L', 4),
	(295, 'PA1', NULL, 5, 'L', 5),
	(296, 'PA1', NULL, 5, 'M', 1),
	(297, 'PA1', NULL, 5, 'M', 2),
	(298, 'PA1', NULL, 5, 'M', 3),
	(299, 'PA1', NULL, 5, 'M', 4),
	(300, 'PA1', NULL, 5, 'M', 5),
	(301, 'RA1', NULL, 6, 'A', 1),
	(302, 'RA1', NULL, 6, 'A', 2),
	(303, 'RA1', NULL, 6, 'A', 3),
	(304, 'RA1', NULL, 6, 'A', 4),
	(305, 'RA1', NULL, 6, 'A', 5),
	(306, 'RA1', NULL, 6, 'B', 1),
	(307, 'RA1', NULL, 6, 'B', 2),
	(308, 'RA1', NULL, 6, 'B', 3),
	(309, 'RA1', NULL, 6, 'B', 4),
	(310, 'RA1', NULL, 6, 'B', 5),
	(311, 'RA1', NULL, 6, 'C', 1),
	(312, 'RA1', NULL, 6, 'C', 2),
	(313, 'RA1', NULL, 6, 'C', 3),
	(314, 'RA1', NULL, 6, 'C', 4),
	(315, 'RA1', NULL, 6, 'C', 5),
	(316, 'RA1', NULL, 6, 'D', 1),
	(317, 'RA1', NULL, 6, 'D', 2),
	(318, 'RA1', NULL, 6, 'D', 3),
	(319, 'RA1', NULL, 6, 'D', 4),
	(320, 'RA1', NULL, 6, 'D', 5),
	(321, 'RA1', NULL, 6, 'E', 1),
	(322, 'RA1', NULL, 6, 'E', 2),
	(323, 'RA1', NULL, 6, 'E', 3),
	(324, 'RA1', NULL, 6, 'E', 4),
	(325, 'RA1', NULL, 6, 'E', 5),
	(326, 'RA1', NULL, 6, 'F', 1),
	(327, 'RA1', NULL, 6, 'F', 2),
	(328, 'RA1', NULL, 6, 'F', 3),
	(329, 'RA1', NULL, 6, 'F', 4),
	(330, 'RA1', NULL, 6, 'F', 5),
	(331, 'MA1', 'MA1-M-335-071224-UR', 6, 'G', 1),
	(332, 'MA1', 'MA1-M-335-071224-UR', 6, 'G', 2),
	(333, 'MA1', 'MA1-M-335-071224-UR', 6, 'G', 3),
	(334, 'MA1', 'MA1-M-335-071224-UR', 6, 'G', 4),
	(335, 'MA1', 'MA1-M-335-071224-UR', 6, 'G', 5),
	(336, 'MA1', 'MA1-M-335-071224-UR', 6, 'H', 1),
	(337, 'MA1', 'MA1-M-335-071224-UR', 6, 'H', 2),
	(338, 'MA1', 'MA1-M-335-071224-UR', 6, 'H', 3),
	(339, 'MA1', 'MA1-M-335-071224-UR', 6, 'H', 4),
	(340, 'MA1', 'MA1-M-335-071224-UR', 6, 'H', 5),
	(341, 'MA1', 'MA1-M-335-071224-UR', 6, 'I', 1),
	(342, 'MA1', 'MA1-M-335-071224-UR', 6, 'I', 2),
	(343, 'MA1', 'MA1-M-335-071224-UR', 6, 'I', 3),
	(344, 'MA1', 'MA1-M-335-071224-UR', 6, 'I', 4),
	(345, 'MA1', 'MA1-M-335-071224-UR', 6, 'I', 5),
	(346, 'MA1', 'MA1-M-335-071224-UR', 6, 'K', 1),
	(347, 'MA1', 'MA1-M-335-071224-UR', 6, 'K', 2),
	(348, 'MA1', 'MA1-M-335-071224-UR', 6, 'K', 3),
	(349, 'MA1', 'MA1-M-335-071224-UR', 6, 'K', 4),
	(350, 'MA1', 'MA1-M-335-071224-UR', 6, 'K', 5),
	(351, 'MA1', 'MA1-M-335-071224-UR', 6, 'L', 1),
	(352, 'MA1', 'MA1-M-335-071224-UR', 6, 'L', 2),
	(353, 'MA1', 'MA1-M-335-071224-UR', 6, 'L', 3),
	(354, 'MA1', 'MA1-M-335-071224-UR', 6, 'L', 4),
	(355, 'MA1', 'MA1-M-335-071224-UR', 6, 'L', 5),
	(356, 'MA1', 'MA1-M-335-071224-UR', 6, 'M', 1),
	(357, 'MA1', 'MA1-M-335-071224-UR', 6, 'M', 2),
	(358, 'MA1', 'MA1-M-335-071224-UR', 6, 'M', 3),
	(359, 'MA1', 'MA1-M-335-071224-UR', 6, 'M', 4),
	(360, 'MA1', 'MA1-M-335-071224-UR', 6, 'M', 5),
	(361, 'RA1', NULL, 7, 'A', 1),
	(362, 'RA1', NULL, 7, 'A', 2),
	(363, 'RA1', NULL, 7, 'A', 3),
	(364, 'RA1', NULL, 7, 'A', 4),
	(365, 'RA1', NULL, 7, 'A', 5),
	(366, 'RA1', NULL, 7, 'B', 1),
	(367, 'RA1', NULL, 7, 'B', 2),
	(368, 'RA1', NULL, 7, 'B', 3),
	(369, 'RA1', NULL, 7, 'B', 4),
	(370, 'RA1', NULL, 7, 'B', 5),
	(371, 'RA1', NULL, 7, 'C', 1),
	(372, 'RA1', NULL, 7, 'C', 2),
	(373, 'RA1', NULL, 7, 'C', 3),
	(374, 'RA1', NULL, 7, 'C', 4),
	(375, 'RA1', NULL, 7, 'C', 5),
	(376, 'RA1', NULL, 7, 'D', 1),
	(377, 'RA1', NULL, 7, 'D', 2),
	(378, 'RA1', NULL, 7, 'D', 3),
	(379, 'RA1', NULL, 7, 'D', 4),
	(380, 'RA1', NULL, 7, 'D', 5),
	(381, 'RA1', NULL, 7, 'E', 1),
	(382, 'RA1', NULL, 7, 'E', 2),
	(383, 'RA1', NULL, 7, 'E', 3),
	(384, 'RA1', NULL, 7, 'E', 4),
	(385, 'RA1', NULL, 7, 'E', 5),
	(386, 'RA1', NULL, 7, 'F', 1),
	(387, 'RA1', NULL, 7, 'F', 2),
	(388, 'RA1', NULL, 7, 'F', 3),
	(389, 'RA1', NULL, 7, 'F', 4),
	(390, 'RA1', NULL, 7, 'F', 5),
	(391, 'MA1', 'MA1-M-335-071224-UR', 7, 'G', 1),
	(392, 'MA1', 'MA1-M-335-071224-UR', 7, 'G', 2),
	(393, 'MA1', 'MA1-M-335-071224-UR', 7, 'G', 3),
	(394, 'MA1', 'MA1-M-335-071224-UR', 7, 'G', 4),
	(395, 'MA1', 'MA1-M-335-071224-UR', 7, 'G', 5),
	(396, 'MA1', 'MA1-M-335-071224-UR', 7, 'H', 1),
	(397, 'MA1', 'MA1-M-335-071224-UR', 7, 'H', 2),
	(398, 'MA1', 'MA1-M-335-071224-UR', 7, 'H', 3),
	(399, 'MA1', 'MA1-M-335-071224-UR', 7, 'H', 4),
	(400, 'MA1', 'MA1-M-335-071224-UR', 7, 'H', 5),
	(401, 'MA1', 'MA1-M-335-071224-UR', 7, 'I', 1),
	(402, 'MA1', 'MA1-M-335-071224-UR', 7, 'I', 2),
	(403, 'MA1', 'MA1-M-335-071224-UR', 7, 'I', 3),
	(404, 'MA1', 'MA1-M-335-071224-UR', 7, 'I', 4),
	(405, 'MA1', 'MA1-M-335-071224-UR', 7, 'I', 5),
	(406, 'MA1', 'MA1-M-335-071224-UR', 7, 'K', 1),
	(407, 'MA1', 'MA1-M-335-071224-UR', 7, 'K', 2),
	(408, 'MA1', 'MA1-M-335-071224-UR', 7, 'K', 3),
	(409, 'MA1', 'MA1-M-335-071224-UR', 7, 'K', 4),
	(410, 'MA1', 'MA1-M-335-071224-UR', 7, 'K', 5),
	(411, 'MA1', 'MA1-M-335-071224-UR', 7, 'L', 1),
	(412, 'MA1', 'MA1-M-335-071224-UR', 7, 'L', 2),
	(413, 'MA1', 'MA1-M-335-071224-UR', 7, 'L', 3),
	(414, 'MA1', NULL, 7, 'L', 4),
	(415, 'MA1', NULL, 7, 'L', 5),
	(416, 'MA1', NULL, 7, 'M', 1),
	(417, 'MA1', NULL, 7, 'M', 2),
	(418, 'MA1', NULL, 7, 'M', 3),
	(419, 'MA1', NULL, 7, 'M', 4),
	(420, 'MA1', NULL, 7, 'M', 5),
	(421, 'RA1', NULL, 8, 'A', 1),
	(422, 'RA1', NULL, 8, 'A', 2),
	(423, 'RA1', NULL, 8, 'A', 3),
	(424, 'RA1', NULL, 8, 'A', 4),
	(425, 'RA1', NULL, 8, 'A', 5),
	(426, 'RA1', NULL, 8, 'B', 1),
	(427, 'RA1', NULL, 8, 'B', 2),
	(428, 'RA1', NULL, 8, 'B', 3),
	(429, 'RA1', NULL, 8, 'B', 4),
	(430, 'RA1', NULL, 8, 'B', 5),
	(431, 'RA1', NULL, 8, 'C', 1),
	(432, 'RA1', NULL, 8, 'C', 2),
	(433, 'RA1', NULL, 8, 'C', 3),
	(434, 'RA1', NULL, 8, 'C', 4),
	(435, 'RA1', NULL, 8, 'C', 5),
	(436, 'RA1', NULL, 8, 'D', 1),
	(437, 'RA1', NULL, 8, 'D', 2),
	(438, 'RA1', NULL, 8, 'D', 3),
	(439, 'RA1', NULL, 8, 'D', 4),
	(440, 'RA1', NULL, 8, 'D', 5),
	(441, 'RA1', NULL, 8, 'E', 1),
	(442, 'RA1', NULL, 8, 'E', 2),
	(443, 'RA1', NULL, 8, 'E', 3),
	(444, 'RA1', NULL, 8, 'E', 4),
	(445, 'RA1', NULL, 8, 'E', 5),
	(446, 'RA1', NULL, 8, 'F', 1),
	(447, 'RA1', NULL, 8, 'F', 2),
	(448, 'RA1', NULL, 8, 'F', 3),
	(449, 'RA1', NULL, 8, 'F', 4),
	(450, 'RA1', NULL, 8, 'F', 5),
	(451, 'MA1', NULL, 8, 'G', 1),
	(452, 'MA1', NULL, 8, 'G', 2),
	(453, 'MA1', NULL, 8, 'G', 3),
	(454, 'MA1', NULL, 8, 'G', 4),
	(455, 'MA1', NULL, 8, 'G', 5),
	(456, 'MA1', NULL, 8, 'H', 1),
	(457, 'MA1', NULL, 8, 'H', 2),
	(458, 'MA1', NULL, 8, 'H', 3),
	(459, 'MA1', NULL, 8, 'H', 4),
	(460, 'MA1', NULL, 8, 'H', 5),
	(461, 'MA1', NULL, 8, 'I', 1),
	(462, 'MA1', NULL, 8, 'I', 2),
	(463, 'MA1', NULL, 8, 'I', 3),
	(464, 'MA1', NULL, 8, 'I', 4),
	(465, 'MA1', NULL, 8, 'I', 5),
	(466, 'MA1', NULL, 8, 'K', 1),
	(467, 'MA1', NULL, 8, 'K', 2),
	(468, 'MA1', NULL, 8, 'K', 3),
	(469, 'MA1', NULL, 8, 'K', 4),
	(470, 'MA1', NULL, 8, 'K', 5),
	(471, 'MA1', NULL, 8, 'L', 1),
	(472, 'MA1', NULL, 8, 'L', 2),
	(473, 'MA1', NULL, 8, 'L', 3),
	(474, 'MA1', NULL, 8, 'L', 4),
	(475, 'MA1', NULL, 8, 'L', 5),
	(476, 'MA1', NULL, 8, 'M', 1),
	(477, 'MA1', NULL, 8, 'M', 2),
	(478, 'MA1', NULL, 8, 'M', 3),
	(479, 'MA1', NULL, 8, 'M', 4),
	(480, 'MA1', NULL, 8, 'M', 5),
	(481, 'RA1', NULL, 9, 'A', 1),
	(482, 'RA1', NULL, 9, 'A', 2),
	(483, 'RA1', NULL, 9, 'A', 3),
	(484, 'RA1', NULL, 9, 'A', 4),
	(485, 'RA1', NULL, 9, 'A', 5),
	(486, 'RA1', NULL, 9, 'B', 1),
	(487, 'RA1', NULL, 9, 'B', 2),
	(488, 'RA1', NULL, 9, 'B', 3),
	(489, 'RA1', NULL, 9, 'B', 4),
	(490, 'RA1', NULL, 9, 'B', 5),
	(491, 'RA1', NULL, 9, 'C', 1),
	(492, 'RA1', NULL, 9, 'C', 2),
	(493, 'RA1', NULL, 9, 'C', 3),
	(494, 'RA1', NULL, 9, 'C', 4),
	(495, 'RA1', NULL, 9, 'C', 5),
	(496, 'RA1', NULL, 9, 'D', 1),
	(497, 'RA1', NULL, 9, 'D', 2),
	(498, 'RA1', NULL, 9, 'D', 3),
	(499, 'RA1', NULL, 9, 'D', 4),
	(500, 'RA1', NULL, 9, 'D', 5),
	(501, 'RA1', NULL, 9, 'E', 1),
	(502, 'RA1', NULL, 9, 'E', 2),
	(503, 'RA1', NULL, 9, 'E', 3),
	(504, 'RA1', NULL, 9, 'E', 4),
	(505, 'RA1', NULL, 9, 'E', 5),
	(506, 'RA1', NULL, 9, 'F', 1),
	(507, 'RA1', NULL, 9, 'F', 2),
	(508, 'RA1', NULL, 9, 'F', 3),
	(509, 'RA1', NULL, 9, 'F', 4),
	(510, 'RA1', NULL, 9, 'F', 5),
	(511, 'MA1', NULL, 9, 'G', 1),
	(512, 'MA1', NULL, 9, 'G', 2),
	(513, 'MA1', NULL, 9, 'G', 3),
	(514, 'MA1', NULL, 9, 'G', 4),
	(515, 'MA1', NULL, 9, 'G', 5),
	(516, 'MA1', NULL, 9, 'H', 1),
	(517, 'MA1', NULL, 9, 'H', 2),
	(518, 'MA1', NULL, 9, 'H', 3),
	(519, 'MA1', NULL, 9, 'H', 4),
	(520, 'MA1', NULL, 9, 'H', 5),
	(521, 'MA1', NULL, 9, 'I', 1),
	(522, 'MA1', NULL, 9, 'I', 2),
	(523, 'MA1', NULL, 9, 'I', 3),
	(524, 'MA1', 'MA1-079-S-231004-JR', 9, 'I', 4),
	(525, 'MA1', 'MA1-079-S-231004-JR', 9, 'I', 5),
	(526, 'MA1', 'MA1-079-S-231004-JR', 9, 'K', 1),
	(527, 'MA1', 'MA1-079-S-231004-JR', 9, 'K', 2),
	(528, 'MA1', 'MA1-079-S-231004-JR', 9, 'K', 3),
	(529, 'MA1', 'MA1-079-S-231004-JR', 9, 'K', 4),
	(530, 'MA1', 'MA1-079-S-231004-JR', 9, 'K', 5),
	(531, 'MA1', 'MA1-079-S-231004-JR', 9, 'L', 1),
	(532, 'MA1', 'MA1-079-S-231004-JR', 9, 'L', 2),
	(533, 'MA1', 'MA1-079-S-231004-JR', 9, 'L', 3),
	(534, 'MA1', 'MA1-079-S-231004-JR', 9, 'L', 4),
	(535, 'MA1', 'MA1-079-S-231004-JR', 9, 'L', 5),
	(536, 'MA1', 'MA1-079-S-231004-JR', 9, 'M', 1),
	(537, 'MA1', 'MA1-079-S-231004-JR', 9, 'M', 2),
	(538, 'MA1', 'MA1-079-S-231004-JR', 9, 'M', 3),
	(539, 'MA1', 'MA1-079-S-231004-JR', 9, 'M', 4),
	(540, 'MA1', 'MA1-079-S-231004-JR', 9, 'M', 5),
	(541, 'RA1', NULL, 10, 'A', 1),
	(542, 'RA1', NULL, 10, 'A', 2),
	(543, 'RA1', NULL, 10, 'A', 3),
	(544, 'RA1', NULL, 10, 'A', 4),
	(545, 'RA1', NULL, 10, 'A', 5),
	(546, 'RA1', NULL, 10, 'B', 1),
	(547, 'RA1', NULL, 10, 'B', 2),
	(548, 'RA1', NULL, 10, 'B', 3),
	(549, 'RA1', NULL, 10, 'B', 4),
	(550, 'RA1', NULL, 10, 'B', 5),
	(551, 'RA1', NULL, 10, 'C', 1),
	(552, 'RA1', NULL, 10, 'C', 2),
	(553, 'RA1', NULL, 10, 'C', 3),
	(554, 'RA1', NULL, 10, 'C', 4),
	(555, 'RA1', NULL, 10, 'C', 5),
	(556, 'RA1', NULL, 10, 'D', 1),
	(557, 'RA1', NULL, 10, 'D', 2),
	(558, 'RA1', NULL, 10, 'D', 3),
	(559, 'RA1', NULL, 10, 'D', 4),
	(560, 'RA1', NULL, 10, 'D', 5),
	(561, 'RA1', NULL, 10, 'E', 1),
	(562, 'RA1', NULL, 10, 'E', 2),
	(563, 'RA1', NULL, 10, 'E', 3),
	(564, 'RA1', NULL, 10, 'E', 4),
	(565, 'RA1', NULL, 10, 'E', 5),
	(566, 'RA1', NULL, 10, 'F', 1),
	(567, 'RA1', NULL, 10, 'F', 2),
	(568, 'RA1', NULL, 10, 'F', 3),
	(569, 'RA1', NULL, 10, 'F', 4),
	(570, 'RA1', NULL, 10, 'F', 5),
	(571, 'MA1', 'MA1-079-S-231004-JR', 10, 'G', 1),
	(572, 'MA1', 'MA1-079-S-231004-JR', 10, 'G', 2),
	(573, 'MA1', 'MA1-079-S-231004-JR', 10, 'G', 3),
	(574, 'MA1', 'MA1-079-S-231004-JR', 10, 'G', 4),
	(575, 'MA1', 'MA1-079-S-231004-JR', 10, 'G', 5),
	(576, 'MA1', 'MA1-079-S-231004-JR', 10, 'H', 1),
	(577, 'MA1', 'MA1-079-S-231004-JR', 10, 'H', 2),
	(578, 'MA1', 'MA1-079-S-231004-JR', 10, 'H', 3),
	(579, 'MA1', 'MA1-079-S-231004-JR', 10, 'H', 4),
	(580, 'MA1', 'MA1-079-S-231004-JR', 10, 'H', 5),
	(581, 'MA1', 'MA1-079-S-231004-JR', 10, 'I', 1),
	(582, 'MA1', 'MA1-079-S-231004-JR', 10, 'I', 2),
	(583, 'MA1', 'MA1-079-S-231004-JR', 10, 'I', 3),
	(584, 'MA1', 'MA1-079-S-231004-JR', 10, 'I', 4),
	(585, 'MA1', 'MA1-079-S-231004-JR', 10, 'I', 5),
	(586, 'MA1', 'MA1-079-S-231004-JR', 10, 'K', 1),
	(587, 'MA1', 'MA1-079-S-231004-JR', 10, 'K', 2),
	(588, 'MA1', 'MA1-079-S-231004-JR', 10, 'K', 3),
	(589, 'MA1', 'MA1-079-S-231004-JR', 10, 'K', 4),
	(590, 'MA1', 'MA1-079-S-231004-JR', 10, 'K', 5),
	(591, 'MA1', 'MA1-079-S-231004-JR', 10, 'L', 1),
	(592, 'MA1', 'MA1-079-S-231004-JR', 10, 'L', 2),
	(593, 'MA1', 'MA1-079-S-231004-JR', 10, 'L', 3),
	(594, 'MA1', 'MA1-079-S-231004-JR', 10, 'L', 4),
	(595, 'MA1', 'MA1-079-S-231004-JR', 10, 'L', 5),
	(596, 'MA1', 'MA1-079-S-231004-JR', 10, 'M', 1),
	(597, 'MA1', 'MA1-079-S-231004-JR', 10, 'M', 2),
	(598, 'MA1', 'MA1-079-M-301004-JR', 10, 'M', 3),
	(599, 'MA1', 'MA1-079-M-271004-JR', 10, 'M', 4),
	(600, 'MA1', 'MA1-079-S-231004-JR', 10, 'M', 5);

-- Dumping structure for table fruitwarehousemanagement.supplier
CREATE TABLE IF NOT EXISTS `supplier` (
  `sup_id` varchar(13) NOT NULL DEFAULT 'null',
  `sup_name` varchar(150) NOT NULL DEFAULT 'null',
  `sup_address` varchar(255) NOT NULL DEFAULT 'null',
  `sup_phone` varchar(10) NOT NULL DEFAULT 'null',
  `sup_email` varchar(150) NOT NULL DEFAULT 'null',
  `sup_adddate` datetime NOT NULL DEFAULT '1900-01-01 00:00:00',
  `sup_description` text DEFAULT NULL,
  PRIMARY KEY (`sup_id`),
  UNIQUE KEY `sup_phone` (`sup_phone`),
  UNIQUE KEY `sup_email` (`sup_email`)
) ENGINE=InnoDB DEFAULT CHARSET=utf8mb4 COLLATE=utf8mb4_vietnamese_ci;

-- Dumping data for table fruitwarehousemanagement.supplier: ~3 rows (approximately)
INSERT INTO `supplier` (`sup_id`, `sup_name`, `sup_address`, `sup_phone`, `sup_email`, `sup_adddate`, `sup_description`) VALUES
	('SU-0000000001', 'Nông sản Nam Đô', 'Thôn Quyết Thắng, Xã Hòa Đông, Huyện Krông Pắc, Đắk Lắk', '0977469999', 'namdo@namdogroup.com.vn', '2024-10-30 00:00:00', 'DU1, PA1'),
	('SU-0000000002', 'Công ty Cổ phần Tập đoàn Xuất – Nhập Khẩu Trái Cây Chánh Thu', 'No. 41, Street No.17, My Thai 2, Phu My Hung, Tan Phu Ward, District 7, Ho Chi Minh City, Vietnam', '0889269777', 'sales@chanhthu.com', '2024-10-30 00:00:00', NULL),
	('SU-0362573063', 'T13F', 'Số 298 Đường Cầu Diễn - Bắc Từ Liêm, Hà Nội', '0345897621', 't13f@gmail.com', '2024-12-05 13:36:29', 'Nhóm 13');

-- Dumping structure for table fruitwarehousemanagement.user
CREATE TABLE IF NOT EXISTS `user` (
  `username` varchar(30) NOT NULL DEFAULT 'null',
  `password` varchar(30) NOT NULL DEFAULT 'null',
  `fullname` varchar(40) NOT NULL DEFAULT 'null',
  `bod` date NOT NULL DEFAULT '1900-01-01',
  `gender` bit(1) NOT NULL DEFAULT b'0',
  `address` varchar(255) NOT NULL DEFAULT '0',
  `phone` varchar(10) NOT NULL DEFAULT '0',
  `citizen_id` varchar(12) NOT NULL DEFAULT '0',
  `hometown` varchar(255) NOT NULL DEFAULT '0',
  `salary` decimal(12,3) NOT NULL DEFAULT 0.000,
  `start_date` date NOT NULL DEFAULT '1900-01-01',
  `end_date` date NOT NULL DEFAULT '2112-09-03',
  `status` varchar(3) NOT NULL DEFAULT 'FI',
  PRIMARY KEY (`username`),
  UNIQUE KEY `phone` (`phone`),
  UNIQUE KEY `citizen_id` (`citizen_id`)
) ENGINE=InnoDB DEFAULT CHARSET=utf8mb4 COLLATE=utf8mb4_vietnamese_ci;

-- Dumping data for table fruitwarehousemanagement.user: ~5 rows (approximately)
INSERT INTO `user` (`username`, `password`, `fullname`, `bod`, `gender`, `address`, `phone`, `citizen_id`, `hometown`, `salary`, `start_date`, `end_date`, `status`) VALUES
	('administrator', 'abc123!', 'Kiều Đức Thịnh', '2004-12-23', b'0', 'Hà Nội', '0343806801', '001204035879', 'Hà Nội', 20000000.000, '2024-10-29', '2112-09-03', 'OFF'),
	('bxdung', 'abc123!', 'Bùi Xuân Dũng', '2004-05-05', b'0', 'Hà Nội', '0343856971', '001204057816', 'Hà Nội', 8000000.000, '2024-10-29', '2112-09-03', 'FI'),
	('htanh04', 'abc123!', 'Hoàng Thị Anh', '2004-12-03', b'1', 'Hà Nội', '0343589761', '001104057896', 'Thành phố Hà Nội', 10.000, '2024-12-05', '2112-09-03', 'FI'),
	('kdthinh', 'abc123!', 'Kiều Đức Thịnh', '2004-12-23', b'0', 'Hà Nội', '0343825977', '001204077953', 'Thành phố Hà Nội', 8000000.000, '2024-10-29', '2112-09-03', 'OFF'),
	('nmhoan', '0417327554', 'Nguyễn Mạnh Hoàn', '2004-05-05', b'0', 'Số 298 Đường Cầu Diễn, Bắc Từ Liêm, Hà Nội', '0343859761', '001204057893', 'Thành phố Hà Nội', 8000000.500, '2024-12-05', '2023-01-05', 'QUI');

/*!40103 SET TIME_ZONE=IFNULL(@OLD_TIME_ZONE, 'system') */;
/*!40101 SET SQL_MODE=IFNULL(@OLD_SQL_MODE, '') */;
/*!40014 SET FOREIGN_KEY_CHECKS=IFNULL(@OLD_FOREIGN_KEY_CHECKS, 1) */;
/*!40101 SET CHARACTER_SET_CLIENT=@OLD_CHARACTER_SET_CLIENT */;
/*!40111 SET SQL_NOTES=IFNULL(@OLD_SQL_NOTES, 1) */;
